[{"name":"deepanshu","email":"ahuja.deepanshu76@gmail.com","password":"12345678","confirmPassword":"12345678","id":"23-2019-12:29:15"},{"name":"deepanshu","email":"ankit@gmail.com","password":"abc","confirmPassword":"abc","id":"23-2019-12:48:49"},{"name":"deepanshu","email":"ahuja.deepanshu76@gmail.com","password":"12","confirmPassword":"12","id":"23-2019-13:06:06"},{"name":"deepanshu","email":"ahuja.deepanshu76@gmail.com","password":"12","confirmPassword":"12","id":"23-2019-14:10:39"},{"name":"deepanshu","email":"ahuja.deepanshu76@gmail.com","password":"1","confirmPassword":"1","id":"23-2019-14:12:02"},{"name":"deepanshu","email":"it@vinove.com","password":"123","confirmPassword":"123","id":"23-2019-14:13:51"},{"name":"deepanshu","email":"ahuja.deepanshu76@gmail.com","password":"1","confirmPassword":"1","id":"23-2019-14:18:33"}]